score_type,scale,pearson,pvalue_pearson,spearman,pvalue_spearman,delta,tost_equivalent,binary_accuracy
yn,0-1,0.82477894271179,< 2.2e-308,0.7767123481791631,< 2.2e-308,0.025,True,0.9040606871932173
five,1-5,0.9060455344136813,< 2.2e-308,0.8893469189301964,< 2.2e-308,0.25,True,0.9415439535921464
final,0-5,0.8698945712964202,< 2.2e-308,0.8564663830861775,< 2.2e-308,0.25,True,0.9098616688978135
